Estado       ,Nombre,Edad,G√©nero,T√≠tulo,Fecha de creaci√≥n,Link,Fecha de recopilaci√≥n,Aportaci√≥n
Aguascalientes,Alejandra Garc√≠a ,26,Femenino,REGALO COM√çDA en la CALLE | lo logramos üôèüèªü•≥ Ale Garc√≠a,31 agosto 2023,https://youtu.be/hWKy7Ns1pNo?si=CtYGM3G0f_TtUXUz,18 septiembre 2023,Heili
,,,,"habitaci√≥n principal | REMODELACI√ìN, CON POQUITO SE HACE MUCHO | Ale Garc√≠a",30 noviembre 2022,https://youtu.be/bm2xz0_HrGc?si=anegbcnciRTpv535,18 septiembre 2023,Heili
,,,,Nuestro √Årbol de Navidad Casero | Ale Garc√≠a ‚ú®,21 noviembre 2021,https://youtu.be/JT3WoDrrl1A?si=U7yvebArA8Qx6wkv,18 septiembre 2023,Heili
,Paulina Espinoza √Åvila,37,Femenino,inflamaci√≥n abdominal,1 agosto 2023,https://youtu.be/6DRWV94GF_M?si=-bhaBjaK_jonBLNz,26 de octubre 2023,Heili
,,,,6 de enero de 2023,6 enero 2023,https://youtu.be/8rAqZKE6ZRk?si=gH_-kllispldo99U,26 de octubre 2023,Heili
,,,,VIDA FITNESS,20 abril 2022,https://youtu.be/QRqbCUy06e8?si=tk-gbxkq8FBVWpJ5,26 de octubre 2023,Heili
,,,,,,,,
,,,,,,,,
,,,,,,,,
,,,,,,,,
,,,,,,,,
,,,,,,,,
,,,,,,,,
,,,,,,,,
,,,,,,,,
,,,,,,,,
,,,,,,,,
,,,,,,,,
Baja California,Carolina V√°zquez D√≠az,29,Femenino,Bromas telef√≥nicas con Susy Mouriz. Le confes√≥ que le gusta | Carolina D√≠a,14 de septiembre 2023,https://youtu.be/H9zhwMHfAzA?si=7v574RgtXUc5fBil,18 de septiembre 2023,Heili
,,,,FASHION NOVA üî•Nuevo look 2023 | Carolina D√≠az,29 de diciembre 2022,https://youtu.be/kS_in6b-nxA?si=cNbNrFhhWaxQopH0,18 de septiembre 2023,Heili
,,,,CONTESTO todas sus PREGUNTAS de INSTAGRAM. Video sin editar üò≥,18 de noviembre 2021,https://youtu.be/MtIPR7anf98?si=xw-bJlvmAP87KEvd,18 de septiembre 2023,Heili
,Kimberly Shantal Adame,30,Femenino,PREGUNTAS POL√âMICAS üò±| Respond√≠ todo sin censura,31 de Agosto 2023,https://www.youtube.com/watch?v=QvcnM_Yx1q0,9 de Octubre 2023,Aar√≥n
,,,,POR ESTA RAZ√ìN LE DIJE QUE NO A SUAVECITO üíî | Kim Shantal,25 de Enero 2023,https://www.youtube.com/watch?v=j1oN5qtYJXg,9 de Octubre 2023,Aar√≥n
,,,,LA VERDAD DE MI RELACI√ìN,14 de Julio 2022,https://www.youtube.com/watch?v=82OffgOXhhI,9 de Octubre 2023,Aar√≥n
,,,,,,,,
,,,,,,,,
,,,,,,,,
,Gustavo Figueroa,37,Masculino,D√≠a 5 - Comiendo el ABCDario (Letra E) | El Guzii,14 de septiembre 2022,https://youtu.be/mRtxWAmdP-Q?si=oOtwthPgcp3MvD_P,18 de septiembre 2023,Heili
,,,,¬°Probando TODO el men√∫ de Super Nintendo World! | El Guzii,28 de febrero 2023,https://youtu.be/yGLtIKZeKaE?si=dG7nSzTAS783M3SS,18 de septiembre 2023,Heili
,,,,¬øQui√©n hace el mejor KFC? | El Guzii,7 de junio 2022,https://youtu.be/QYwr9N8KODk?si=O2e5-XitCoRLC_eN,18 de septiembre 2023,Heili
,Gabriel Uzcanga,28,Masculino,MI √öLTIMO V√çDEO EN YOUTUBE üòîüôèüèæ,3 de Julio 2023,https://www.youtube.com/watch?v=U-SRF1vXvmA,6 de Noviembre 2023,Aar√≥n
,,,,ESTOS 5 COMPORTAMIENTOS CAMBIAR√ÅN TU VIDA,5 de Diciembre 2022,https://www.youtube.com/watch?v=JfMcqlmE1j4,6 de Noviembre 2023,Aar√≥n
,,,,31 d√≠as de ejercicio ya me queda mejor la ropa!,27 de Octubre 2021,https://www.youtube.com/watch?v=iuUu-yRqKrs,6 de Noviembre 2023,Aar√≥n
,,,,,,,,
,,,,,,,,
,,,,,,,,
Baja California Sur,,,,,,,,
,,,,,,,,
,,,,,,,,
,,,,,,,,
,,,,,,,,
,,,,,,,,
,,,,,,,,
,,,,,,,,
,,,,,,,,
,,,,,,,,
,,,,,,,,
,,,,,,,,
,,,,,,,,
,,,,,,,,
,,,,,,,,
,,,,,,,,
,,,,,,,,
,,,,,,,,
Campeche,,,,,,,,
,,,,,,,,
,,,,,,,,
,,,,,,,,
,,,,,,,,
,,,,,,,,
,,,,,,,,
,,,,,,,,
,,,,,,,,
,,,,,,,,
,,,,,,,,
,,,,,,,,
,,,,,,,,
,,,,,,,,
,,,,,,,,
,,,,,,,,
,,,,,,,,
,,,,,,,,
Chiapas,,,,,,,,
,,,,,,,,
,,,,,,,,
,,,,,,,,
,,,,,,,,
,,,,,,,,
,,,,,,,,
,,,,,,,,
,,,,,,,,
,Jorge √Åguilar Garc√≠a,32,Masculino,üî•BROMA A COCHA UN D√çA SIENDO MI MODELOüî•,14 octubre 2023,https://youtu.be/zuhykE1-ZUY?si=5BudPsik7Z6Yrwl3,20 de octubre 2023,Heili
,,,,üî• CREAMOS LA SALSA MAS PICOSA DEL MUNDO 2 üî•,26 enero 2023,https://youtu.be/9rjEYTnPGxg?si=-UcOBU3p0PGLC3kF,20 de octubre 2023,Heili
,,,,üî•24 HORAS CON EL CREW ENTRAMOS A UN VOLCAN üî•, 31 marzo 2022,https://youtu.be/tgfvBccTPII?si=jdtV_yQuLs8gA0Lq,20 de octubre 2023,Heili
,Linfrey Falcony Garc√≠a,38,Masculino,COMPRE Los HOT WHEELS M√°s RAROS y EXTRA√ëOS |ü¶Ωen forma de silla de ruedasü¶º,14 de octubre 2022,https://youtu.be/amVwxNbaWbM?si=ppyqUy6tDT_595IY,3 de noviembre 2023,Heili
,,,,ü•µProbamos La Papita Mas PICANT3 del MUNDOüå∂Ô∏ècon el CREW | üî•Receta Secreta (El MANGO DEL DIABLO)ü•≠,29 de diciembre 2022,https://youtu.be/d7onVRVYQNc?si=6Gd-s_mr3ceP8WZu,3 de noviembre 2023,Heili
,,,,MI CUMPLEA√ëOS #37,17 de mayo 2022,https://youtu.be/h0EBq37E5vw?si=96qtjMJJl_BgfkBr,3 de noviembre 2023,Heili
,,,,,,,,
,,,,,,,,
,,,,,,,,
Chihuahua,,,,,,,,
,,,,,,,,
,,,,,,,,
,,,,,,,,
,,,,,,,,
,,,,,,,,
,,,,,,,,
,,,,,,,,
,,,,,,,,
,Aldo Mancinas,21,Masculino,LA HISTORIA DEL QUESOüßÄ nombre te vas a ir pero que si para atr√°s,28 de septiembre 2023,https://youtu.be/8tgg8IccMEo?si=ERsYuHY3DRkQfH5O,29 de septiembre 2023,Heili
,,,,"LA DANIELA, EL CHISME Y EL CINEü§°üçø",22 de febrero 2023,https://youtu.be/3mr0iqimcy4?si=TDDei2Kt_p1_77IO,29 de septiembre 2023,Heili
,,,,Reuni√≥n de padres de familia üè´ üòÇüòÇ,10 de agosto 2022,https://youtu.be/kr7A_ShP81M?si=QTOFghqxbetM2PUU,29 de septiembre 2023,Heili
,Jos√© Antonio Bad√≠a,42,Masculino,"E240: Jack the Ripper: Pt. 1 ""V√≠ctimas de la ciudad""",4 de octubre 2023,https://youtu.be/_xD1SEbUTnk?si=TR-ug-dgSFzEnc1J,26 octubre 2023,Heili
,,,,Historias del M√°s Ac√° 105 - Seducida por los Hombres de Negro,9 de marzo 2023,https://youtu.be/olTrIVpDp6o?si=X8aqybkP27sPCi5h,26 octubre 2023,Heili
,,,,Historias del M√°s Ac√° 75 - Spiderman Fumigado (con Stephanie Cayo),11 de agosto 2022,https://youtu.be/HUaIMEHquQk?si=C1mONfm0jtKhAzGu,5 de octubre 2023,Heili
,Jos√© Manuel Torres Morales,41,Masculino,HURAC√ÅN CATEGORIA 4T - EL PULSO DE LA REP√öBLICA,3 de Noviembre 2023,https://www.youtube.com/watch?v=yFM-GyqYWGs,6 de Noviembre 2023,Aar√≥n
,,,,YO TENGO OTROS CONTRATOS - EL PULSO DE LA REP√öBLICA,4 de Mayo 2023,https://www.youtube.com/watch?v=7fKgU1ryBfw,6 de Noviembre 2023,Aar√≥n
,,,,JACK EMBARROW - EL PULSO DE LA REP√öBLICA,2 de Mayo 2022,https://www.youtube.com/watch?v=y6EV_2c0aOA,6 de Noviembre 2023,Aar√≥n
Ciudad de M√©xico,Nathalia Campos Trigos,29,Femenino,PR√ìXIMAMENTE: THE LATE NATH SHOW,31 de Agosto 2023,https://www.youtube.com/watch?v=oU7AbeVGbIk,7 de Octubre 2023,Aar√≥n
,,,,Querida Nath del 2024:,21 de Febrero 2022,https://www.youtube.com/watch?v=S7qlTYRZyLE,7 de Octubre 2023,Aar√≥n
,,,,¬øC√ìMO HAGO GIFS Y ANIMACIONES EN MI IPAD? (tutorial procreate),25 de Septiembre 2020,https://www.youtube.com/watch?v=6v6Qmu3qvrg,7 de Octubre 2023,Aar√≥n
,Danna Sofia Tirado Castellanos,18,Femenino,"poniendo mi vida en orden!! MONDAY RESET : limpieza, organizaci√≥n,selfcare (mientras tengo un bajon)",13 de octubre 2023,https://youtu.be/ggzskdDcb2g?si=snoEB_gGVJTL32RI,26 de octubre 2023,Heili
,,,,te ense√±o mi rutina de skincare,6 de abril 2023,https://youtu.be/_-pOf8wKPOo?si=DqYUspp2Ml2KxuKH,26 de octubre 2023,Heili
,,,,"respondiendo preguntas con mi novio mientras hacemos galletas",10 de septiembre 2022,https://youtu.be/vIfbkHQT0Fs?si=bTTUeos0plv8S1qh,26 de octubre 2023,Heili
,Manelyk Gonz√°lez,34,Femenino,LOS HUEVONES SON M√ÅS CREATIVOS,24 de septiembre 2023,https://youtu.be/45R0QTGRwgA?si=aqJd8GNaRUrQOblF,26 de octubre 2023,Heili
,,,,MIS SUEGRAS PIENSAN QUE SOY M@MON@,4 de marzo 2023,https://youtu.be/X4XCPqY43jA?si=0DzG2LzVifihNjrI,26 de octubre 2023,Heili
,,,,"Manelyk Tu Madrina M√°gica - EPISODIO 4",25 de julio 2021,https://youtu.be/8__ShC4Lc3M?si=PHENd9fPDqIvOQg8,26 de octubre 2023,Heili
,Juan Carlos Viana Prieto,31,Masculino,Lleve el BM a la casa de TORETTO | JUCA,3 de Agosto 2023,https://www.youtube.com/watch?v=nmIYXG8jlbw,4 de Septiembre 2023,Aar√≥n
,,,,ME VOY DESPU√âS DE 10 A√ëOS | JUCA,2 de Febrero 2023,https://www.youtube.com/watch?v=kA4bO7rjIdY,4 de Septiembre 2023,Aar√≥n
,,,,¬øMI PEOR PROYECTO? | JUCA,10 de Diciembre 2021,https://www.youtube.com/watch?v=i9EFKertaXo,4 de Septiembre 2023,Aar√≥n
,Ryan Hoffman Badui,36,Masculino,ADI√ìS YOUTUBE | GRACIAS POR TODO.,5 de Mayo 2020,https://www.youtube.com/watch?v=nW5kKyh4f3M,7 de Octubre 2023,Aar√≥n
,,,,Mi PRIMERA VEZ... Fue HORRIBLE | Tag,19 de Febrero 2019,https://www.youtube.com/watch?v=RZKVo8qPLTU,7 de Octubre 2023,Aar√≥n
,,,,Perd√≠ 80 Millones de Visitas,11 de Septiembre 2018,https://www.youtube.com/watch?v=_whwLOKPtAU,7 de Octubre 2023,Aar√≥n
,Juan Dom√≠nguez Bertheau,32,Masculino,House Tour! üò±üò±üò±üò± La mansi√≥n musical,3 de Octubre 2023,https://www.youtube.com/watch?v=QbRt-eZwuno,7 de Octubre 2023,Aar√≥n
,,,,ADI√ìS AL NSX DE POKEMON :( tuvimos que cortarlo!,23 de Marzo 2023,https://www.youtube.com/watch?v=2MRpfcyTgDQ,7 de Octubre 2023,Aar√≥n
,,,,UN D√çA SIENDO ZURDO üò±,20 de Abril 2022,https://www.youtube.com/watch?v=FRNovgRQvP4,7 de Octubre 2023,Aar√≥n
Coahuila,Daniela Orsan,36,Femenino,EMPANADAS DE CALABAZAü•üü•üüéÉüéÉ DE SOLO $2.00 PESOS!!!ü§ëü§ë,29 de septiembre 2023,https://youtu.be/8AITlzchvuY?si=xCjPRh1TdE3fZHpW,3 de octubre 2023,Heili
,,,,Mojaditos de 3 leches PARA VENDERüéÇü§ë | Como costear pasteles individuales para vender ‚ú®,24 de marzo 2023,https://youtu.be/IHYyLxw3BIk?si=E8D_YuxdNv9HYuFU,3 de octubre 2023,Heili
,,,,COMO HACER PASTEL DE 3 LECHES | COMO HACER PASTEL DE 3 LECHES FACIL | PASTEL DE 3 LECHES FACIL,17 de marzo 2022,https://youtu.be/YSZAUWGHfNA?si=DeKwVspZnyMtc39X,3 de octubre 2023,Heili
,,,,,,,,
,,,,,,,,
,,,,,,,,
,,,,,,,,
,,,,,,,,
,,,,,,,,
,Oscar Meza,33,Masculino,Los Chilaquiles m√°s Caros del Mundo | La Capital,12 de septiembre 2023,https://youtu.be/qwDw3Afo-s0?si=Hk_aqqGCH35Fmgcf,20 septiembre 2023,Heili
,,,,Costras de Chicharr√≥n en Freidora de Aire | La Capital,23 de enero 2023,https://youtu.be/bBEgtDGkUto?si=yooSCBsdoL4L43hS,20 septiembre 2023,Heili
,,,,Alitas 100% a mi gusto | La Capital,21 de julio 2022,https://youtu.be/QD3EB60_k9o?si=TSVrKeTerjHdnUur,20 septiembre 2023,Heili
,,,,,,,,
,,,,,,,,
,,,,,,,,
,,,,,,,,
,,,,,,,,
,,,,,,,,
Colima,Jimena Valle,16,Femenino,DESPIERTOS A LAS 3:00 AM,26 de julio 2023,https://youtu.be/qvvxkWsmn-M?si=t1u8ubMYrTmJfeoE,20 septiembre 2023,Heili
,,,,NO ELIJAS EL REGALO INCORRECTO - Gibby :),25 diciembre 2022,https://youtu.be/EqWOMKSBz4k?si=cZTir2k_qAZugJtB,20 septiembre 2023,Heili
,,,,¬°EL REGRESO A CLASES PRESENCIALES! - Gibby :),13 de febrero 2022,https://youtu.be/zz3dS8t1zPI?si=uC9KtBRtz-NEuA12,20 septiembre 2023,Heili
,,,,,,,,
,,,,,,,,
,,,,,,,,
,,,,,,,,
,,,,,,,,
,,,,,,,,
,,,,,,,,
,,,,,,,,
,,,,,,,,
,,,,,,,,
,,,,,,,,
,,,,,,,,
,,,,,,,,
,,,,,,,,
,,,,,,,,
Durango,,,,,,,,
,,,,,,,,
,,,,,,,,
,,,,,,,,
,,,,,,,,
,,,,,,,,
,,,,,,,,
,,,,,,,,
,,,,,,,,
,,,,,,,,
,,,,,,,,
,,,,,,,,
,,,,,,,,
,,,,,,,,
,,,,,,,,
,,,,,,,,
,,,,,,,,
,,,,,,,,
Estado de M√©xico,Herlanlly Rodr√≠guez,25,Femenino,¬øComo superar un divorcio? / ¬øme dolio? / HERLY RG,19 de julio 2023,https://youtu.be/94MxX-kGo5s?si=bgCThUP22CZTwZ-3,5 de octubre 2023,Heili
,,,,¬°STORYTIME DE COMO ME CONVERTI EN LA IMAGEN DE NIKE! // HERLY RG,8 de mayo 2022,https://youtu.be/xbBNim0SYqM?si=LOZn5pngu35d0Asb,5 de octubre 2023,Heili
,,,,¬øEN QUE TRABAJO? ¬øFEMINISMO? ¬øCOMO ME CAMBIO LA VIDA? / PREGUNTAS - HERLY RG,28 de noviembre 2021,https://youtu.be/QUjr4Zie_Wg?si=8lEq1PQT4BBIn8ic,5 de octubre 2023,Heili
,Marisolpink,39,Femenino,OLVID√â QUE HAB√çA COMPRADO √âSTO EN AMAZON/Marisolpink,11 de Agosto del 2023,https://www.youtube.com/watch?v=8gxWRjwuDrw,9 de Octubre 2023,Aar√≥n
,,,,Panqu√© de pl√°tano con chispas de chocolate/Banana Chocolate Cake using dark old one¬¥s/Marisolpink,2 de Marzo 2023,https://www.youtube.com/watch?v=xVgxwSy4fRs,9 de Octubre 2023,Aar√≥n
,,,,El jugo de jitomate con el que baj√© de peso/uno de muchos/Marisolpink,31 de Agosto 2022,https://www.youtube.com/watch?v=jMSUJdkFTUM,9 de Octubre 2023,Aar√≥n
,Eva Hortensia Villanueva P√©rez,35,Femenino,YA NO PUDE ENTRAR A MI CASA - Storytime - EvaDeMetal,29 de Junio 2023,https://www.youtube.com/watch?v=yvQW4OhQZP4,9 de Octubre 2023,Aar√≥n
,,,,Look para pelear por los terrenos en Navidad - Barbie Santa - Laboratorio de Mu√±ecas,18 de Diciembre 2023,https://www.youtube.com/watch?v=HZVOAP4LFl8,9 de Octubre 2023,Aar√≥n
,,,,RESTAURACION EXTREMA de Barbie a Ariana Grande - Laboratorio de Mu√±ecas.,12 de Abril 2022,https://www.youtube.com/watch?v=NIiEuXL6qvc,9 de Octubre 2023,Aar√≥n
,Eduardo Villar Padilla,39,Masculino,"LOS TACOS DEL CAMPE√ìN ü•ä !! Pastor del Rica, Hermano del Canelo √Ålvarez ü•ä",28 de septiembre 2023,https://youtu.be/0E9yqx2ca7w?si=B1Jz-k5sXZq5dHs1,5 de octubre 2023,Heili
,,,,Come en el PATIO de una CASA de BARRIO |Tejate y Tlayudas,26 de marzo 2023,https://youtu.be/gj8gzctqETM?si=vXAV11vv7gDU1dTN,5 de octubre 2023,Heili
,,,,Los TAMALES M√ÅS FAMOSOS y DELICIOSOS de BALBUENA.,1 de septiembre 2022,https://youtu.be/YlIQsKNyD4A?si=TKsnsQ75r9gIeW28,5 de octubre 2023,Heili
,Julio Cesar Fuentes Cruz,27,Masculino,Viejitos me VENDEN TODO su Puesto en M√©xico üá≤üáΩ,4 de octubre 2023,https://youtu.be/Gis-85jAEu8?si=Z2Mh4dRTaUMN3JA0,5 de octubre 2023,Heili
,,,,Les Compro TODA LA TAQUERIA!!üåÆ (En 5 minutos‚è∞),4 de abril 2023,https://youtu.be/UrDx3ZcPaf0?si=YnaJoXOLyuqfUW8l,5 de octubre 2023,Heili
,,,,Con ‚ÄúAlberca‚Äù Natural el OXXO M√ÅS BONITO de Mexico üá≤üáΩ | Yulay,24 de julio 2022,https://youtu.be/dlrGHoFADlA?si=Z98rEyvCfFvdlzeX,5 de octubre 2023,Heili
,Esen Alvarado,26,Masculino,¬øQu√© idioma hablan los ingleses banda? | Esen Alva |,20  de marzo 2023,https://youtu.be/utuCpJ8RjLA?si=S2QRv8d9F92fMT4i,18 de octubre 2023,Heili
,,,,50 COSAS SOBRE MI l Esen Alva,6 de septiembre 2022,https://youtu.be/vSpcUPrycYM?si=Grew7LDk7u-94dIV,18 de octubre 2023,Heili
,,,,Trabajando en Innvictus | Esen_Alva |,3 de marzo 2022,https://youtu.be/vePT3B_zcJk?si=l_Kg9F3I8LX6kp9h,18 de octubre 2023,Heili
Guanajuato,Wendy Guevara Venegas,30,Femenino,una platica con paola,4 julio 2023,https://youtu.be/hR9Yrn0vyqs?si=F90HRrCCaI82GBVc,18 Septiembre 2023,Heili
,,,,Amigas soy wendy guevara,24 noviembre 2022,https://youtu.be/XfU3gYexv9g?si=NC0C4qQmS-ql0X6H,18 Septiembre 2023,Heili
,,,,Reconciliaci√≥n con Vanessa | Sacando los temas del Innombrable - Soy Wendy Guevara,30 de mayo 2021,https://youtu.be/kIwpAxU6e7g?si=K6NjSeTAlDAEXRJA,18 Septiembre 2023,Heili
,,,,,,,,
,,,,,,,,
,,,,,,,,
,,,,,,,,
,,,,,,,,
,,,,,,,,
,,,,,,,,
,,,,,,,,
,,,,,,,,
,,,,,,,,
,,,,,,,,
,,,,,,,,
,,,,,,,,
,,,,,,,,
,,,,,,,,
Guerrero,,,,,,,,
,,,,,,,,
,,,,,,,,
,,,,,,,,
,,,,,,,,
,,,,,,,,
,,,,,,,,
,,,,,,,,
,,,,,,,,
,Rafael Mart√≠nez,30,Masculino,Historia de prision,25 de julio 2023,https://youtu.be/RmOiyiNTFZE?si=CmV3K7poheOv7Zsq,20 de septiembre 2023,Heili
,,,,las veces que he estado en el calabozo de la prisi√≥n,19 de diciembre 2022,https://youtu.be/cBZ33VxtkGs?si=dO2ekcjR5H2ynFFR,20 de septiembre 2023,Heili
,,,,diferencias entre una c√°rcel y una prisi√≥n,4 de mayo 2022,https://youtu.be/2O1OG_btUps?si=OyhJNZTODXvC1pM-,20 de septiembre 2023,Heili
,,,,,,,,
,,,,,,,,
,,,,,,,,
,,,,,,,,
,,,,,,,,
,,,,,,,,
Hidalgo,,,,,,,,
,,,,,,,,
,,,,,,,,
,,,,,,,,
,,,,,,,,
,,,,,,,,
,,,,,,,,
,,,,,,,,
,,,,,,,,
,,,,,,,,
,,,,,,,,
,,,,,,,,
,,,,,,,,
,,,,,,,,
,,,,,,,,
,,,,,,,,
,,,,,,,,
,,,,,,,,
Jalisco,Liz Rangel,31,Femenino,LA ESCUELA DE DISNEY *As√≠ nos prepararon para Art Attack* üé® Craftingeek,21 de Julio 2023,https://www.youtube.com/watch?v=VRih6dEOHNY,9 de Octubre 2023,Aar√≥n
,,,,PROBANDO PRODUCTOS ALIEXPRESS üåà *Bonitos para decorar tu cuarto* ü§© Craftingeek,2 de Febrero 2023,https://www.youtube.com/watch?v=BkJbt3cHTGA,9 de Octubre 2023,Aar√≥n
,,,,ABRIENDO MINI JUGUETES VIRALES üò± *funciona todo*üòç Craftingeek,1 de Junio 2022,https://www.youtube.com/watch?v=PA-frQy-qkY,9 de Octubre 2023,Aar√≥n
,,,,,,,,
,,,,,,,,
,,,,,,,,
,,,,,,,,
,,,,,,,,
,,,,,,,,
,,,,,,,,
,,,,,,,,
,,,,,,,,
,,,,,,,,
,,,,,,,,
,,,,,,,,
,,,,,,,,
,,,,,,,,
,,,,,,,,
Michoac√°n,Angela,73,Femenino,Hoy Se Me Antojaron Estas Raspaditas De Asada De Mi Rancho A Tu Cocina,23 de octubre 2023,https://youtu.be/2HyFrxkSiXM?si=cPKxrmXUkiNmNRe_,9 de noviembre 2023,Heili
,,,,La Receta Secreta de mi Abuela: Caldo de pollo con bolas de masa,17 de abril 2022,https://youtu.be/8xNr7PrefPc?si=KQTLLeDpee-ubkep,9 de noviembre 2023,Heili
,,,,Cuando Prueben Estas Gorditas Ser√°n Sus Favoritas De Mi Rancho A Tu Cocina,19 de julio 2022,https://youtu.be/yqiB5QidYP0?si=rQz8cm3k0mKVUxWr,9 de noviembre 2023,Heili
,,,,,,,,
,,,,,,,,
,,,,,,,,
,,,,,,,,
,,,,,,,,
,,,,,,,,
,Andr√©s Navarro Ya√±ez,29,Masculino,29 COSAS QUE HE APRENDIDO EN 29 A√ëOS... / NAVY,3 de Octubre 2023,https://www.youtube.com/watch?v=45DMIpONbow,9 de Octubre 2023,Aar√≥n
,,,,ANT-MAN AND THE WASP: QUANTUMANIA - OPIN√ìN (SPOILERS) / NAVY,17 de Febrero 2023,https://www.youtube.com/watch?v=9aR4Ekg-xqQ,9 de Octubre 2023,Aar√≥n
,,,,FASE 5 Y 6 DE MARVEL CONFIRMADAS EN COMIC CON / NAVY,23 de Julio 2022,https://www.youtube.com/watch?v=2UFCRNj6jiY,9 de Octubre 2023,Aar√≥n
,Eduardo Monta√±o,22,Masculino,IMITANDO FOTOS AESTHETIC EN ZAMORA! /Lalos Show,6 de julio 2023,https://youtu.be/REXp5hFmx80?si=tLx4VjWBxXnoCYRF,9 de noviembre 2023,Heili
,,,,SI ME HACES RE√çR TE PAGO $100 /Lalos Show,14 de noviembre 2022,https://youtu.be/-a8jDCSqTpw?si=JeylxZCbZ6mO5l21,9 de noviembre 2023,Heili
,,,,TAG DEL SUPERMERCADO!/ Lalos Show,13 de enero 2021,https://youtu.be/wVH9_qwSz9g?si=Yj2u_PJ4_gkaBHkP,9 de noviembre 2023,Heili
,Juan Eduardo Lopez,33,Masculino,COP√ÅNDARO DE GALEANA MICHOAC√ÅN y su FESTIVAL DE LAS ALMAS Y LAS FLORES ¬°El Pueblo del CEMPAS√öCHIL!,26 de octubre 2023,https://youtu.be/sG2fk7xFsOk?si=B3S9nBkEz-DpsDJh,9 de noviembre 2023,Heili
,,,,FESTEJANDO EL CUMPLEA√ëOS DE MI PAP√Å en Restaurante Buffet Bar PARQUE JANITZIO en P√ÅTZCUARO MICHOAC√ÅN,14 de marzo 2023,https://youtu.be/GazBoYsG56Y?si=1nlmR0OLxskftGSO,9 de noviembre 2023,Heili
,,,,VISITANDO LA PALMA EN ANGAMACUTIRO MICHOAC√ÅN / JUANE HALCON,18 de julio 2022,https://youtu.be/BhS-xoJEIe4?si=vFgQNETef9JXlnvE,9 de noviembre 2023,Heili
Morelos,Mariand Castrej√≥n Casta√±eda,31,Femenino,¬°REGRES√â Y ESTA ES MI NUEVA VIDA! Esto me sucede ahora ‚ù§Ô∏è-Yuya,23 de Diciembre 2021,https://www.youtube.com/watch?v=wd_MQ3os0M0,9 de Octubre 2023,Aar√≥n
,,,,¬øQU√â TE HABLE TU EX S√ìLO PARA TENER... ? MI NUEVA VIDA ‚ù§Ô∏è-Yuya,29 de Mayo 2021,https://www.youtube.com/watch?v=tOxJupr7zn8,9 de Octubre 2023,Aar√≥n
,,,,¬°EXPERIMENTANDO CON DELINEADORES DE COLORES! Con looks s√∫per usables para el d√≠a a d√≠a ‚ù§Ô∏è -Yuya,13 de Noviembre 2020,https://www.youtube.com/watch?v=1kxKJ3WlHOM,9 de Octubre 2023,Aar√≥n
,Diana D√≠az,29,Femenino,¬øDiana? ¬øD√≥nde estabas? | Les cuento algunas cositas,21 de Septiembre 2023,https://www.youtube.com/watch?v=TCmfaZi_GFE,9 de Octubre 2023,Aar√≥n
,,,,Hice 1 ScrawlrBox cada d√≠a durante 1 Semana! | Diana D√≠az,23 de Agosto 2021,https://www.youtube.com/watch?v=1kADAUW58wA,9 de Octubre 2023,Aar√≥n
,,,,Dise√±o de mi Playera y Huion KAMVAS Pro 20 review | Diana D√≠az,24 de Julio 2019,https://www.youtube.com/watch?v=MOdbOH0Rxfc,9 de Octubre 2023,Aar√≥n
,,,,,,,,
,,,,,,,,
,,,,,,,,
,Carlos Alberto P√©rez Ibarra,36,Masculino,No hab√≠a subido v√≠deos porque casi muero en el hospital... jeje,13 de Agosto 2020,https://www.youtube.com/watch?v=1lyedL-KHAI,9 de Octubre 2023,Aar√≥n
,,,,SE REGALA ESTA CASA | A quien pueda pasar una Noche en Ella...,30 de Octubre 2019,https://www.youtube.com/watch?v=sXQnbh3__Y0,9 de Octubre 2023,Aar√≥n
,,,,"¬øSabes la Historia del ""Experimento Simpsons""? - PARTE 2",25 de Abril 2019,https://www.youtube.com/watch?v=6ON_eFKnSok,9 de Octubre 2023,Aar√≥n
,,,,,,,,
,,,,,,,,
,,,,,,,,
,,,,,,,,
,,,,,,,,
,,,,,,,,
Nayarit,,,,,,,,
,,,,,,,,
,,,,,,,,
,,,,,,,,
,,,,,,,,
,,,,,,,,
,,,,,,,,
,,,,,,,,
,,,,,,,,
,,,,,,,,
,,,,,,,,
,,,,,,,,
,,,,,,,,
,,,,,,,,
,,,,,,,,
,,,,,,,,
,,,,,,,,
,,,,,,,,
Nuevo Le√≥n,Samantha Trevi√±o Rivera,25,Femenino,ESTOY BIEN PENDEJ* üòì,21 de Agosto 2023,https://www.youtube.com/watch?v=Ibvi6-ldiCg&t=254s,13 de Septiembre 2023,Aar√≥n
,,,,PROBANDO DULCES VENEZOLANOS,19 de Febrero 2023,https://www.youtube.com/watch?v=mXfzccUjAl8&t=571s,13 de Septiembre 2023,Aar√≥n
,,,,RESOLVIENDO EXAMENES DE PRIMARIA PT 2,13 de Septiembre 2022,https://www.youtube.com/watch?v=e9Lxr0h2CMI,13 de Septiembre 2023,Aar√≥n
,Mafer Cantu,34,Femenino,Cirug√≠a SQUISHY de Cabeza HUGGY WUGGY con SIERRA ELECTRICA - Maphie,2 de Noviembre 2022,https://www.youtube.com/watch?v=8wD6107S0i0,9 de Octubre 2023,Aar√≥n
,,,,NO creer√°s lo que hay DENTRO del iPhone 13 Pro Max - Hellomaphie,26 de Septiembre 2021,https://www.youtube.com/watch?v=P6f6QAG3dAQ,9 de Octubre 2023,Aar√≥n
,,,,6 FIDGETS Caseros de TikTok VIRALES - DIY Fidget Toys S√∫per F√°cil Hellomaphie,15 de Marzo 2021,https://www.youtube.com/watch?v=k5ja8T-9IF8,9 de Octubre 2023,Aar√≥n
,Dominik Elizabeth Resendez Robledo,22,Femenino,24 HORAS HACIENDO TODO LO QUE DICE EL BORREGO | Domelipa Ft La Granja del Borrego,6 de octubre 2023,https://youtu.be/jPQhodDTfxo?si=xYiO65pdrYGGN0yt,18 de octubre 2023,Heili
,,,,ME PUSIERON A PRUEBA!!!! | Domelipa Ft. PongamosloAPrueba,29 de marzo 2023,https://youtu.be/v-I3e7eHA-M?si=7qY-sjilXMI3zF-Q,18 de octubre 2023,Heili
,,,,UN DIA COMIENDO BLANCO | Domelipa,5 de octubre 2021,https://youtu.be/W4YsED0rx3o?si=KIVQK20A6gP-7q5V,18 de octubre 2023,Heili
,H√©ctor de la Hoya,33,Masculino,COMO CORTAR UNA AMISTAD ‚Ä¢ Villa Alegr√≠a ‚Ä¢ EP 42,16 de agosto 2023,https://youtu.be/_uB9K8OQG-g?si=mHfw4HZzSXEzsq4C,29 de septiembre 2023,Heili
,,,,Probando PANES RAROS de COLOMBIA üá®üá¥ y PANAMA üáµüá¶ !!!,25 de enero 2023,https://youtu.be/qgPrvg6ASTM?si=D6BEMkd9VNKpgcc8,29 de septiembre 2023,Heili
,,,,ü§ç Consejos de Relaciones de mi Abuela,6 de abril 2022,https://youtu.be/DT8UI_PQwNA?si=1jBbPW08tTS4Xg1C,29 de septiembre 2023,Heili
,Roberto Adri√°n Mart√≠nez Osuna,30,Masculino,"CREATIVO #370 - RODRIGO HERRERA | Genomma Lab, ¬øRejuvenecer es posible?, Errores de emprendedores",4 de septiembre 2023,https://youtu.be/cgc3VVzKJJA?si=H5OqB5hG1zpeCFIk,29 de septiembre 2023,Heili
,,,,"CREATIVO #282 - ROBERTO MUSSO | Humanos vs Computadoras, Me demand√≥ el gobierno, Cuarteto de Nos",17 de noviembre 2022,https://youtu.be/6u_0xVNdXFY?si=qspF3k-wQWD1pwWg,29 de septiembre 2023,Heili
,,,,CREATIVO #220 - FARID DIECK,9 de mayo 2022,https://youtu.be/V05QuuxK-yg?si=w4-qcKrbIZEKmQc4,29 de septiembre 2023,Heili
,Jos√© Alejandro Leyva Uribe,38,Masculino,Si tienes sentido com√∫n no te hackean el anastacio ...,6 de Octubre 2023,https://www.youtube.com/watch?v=ZQDmwz3uPSs,9 de Octubre 2023,Aar√≥n
,,,,Es momento de proteger tu dinero ? | La especulaci√≥n de las cosas,25 de Marzo 2023,https://www.youtube.com/watch?v=jwxSR26CMxM,9 de Octubre 2023,Aar√≥n
,,,,Mi opini√≥n sobre las nuevas reglas de Twitch | Apuestas y sismos,23 de Septiembre 2022,https://www.youtube.com/watch?v=RlxNch7HR2s,9 de Octubre 2023,Aar√≥n
Oaxaca,Isa√≠as Marcial,30,Masculino,iPhone 15 Pro ser√° M√ÅS LIGERO por sus marcos de titanio | El Recuento Go,25 de Agosto 2023,https://www.youtube.com/watch?v=1ovSKRG0UxY,31 de Agosto 2023,Aar√≥n
,,,,NO COMPRES el Motorola Edge 30 Fusion sin ver este video,16 de Febrero 2023,https://www.youtube.com/watch?v=k3sUMzm9NkM,31 de Agosto 2023,Aar√≥n
,,,,Samsung Galaxy Z Flip4 | Unboxing en espa√±ol,26 de Agosto 2022,https://www.youtube.com/watch?v=-1e9vODuTeE,31 de Agosto 2023,Aar√≥n
,,,,,,,,
,,,,,,,,
,,,,,,,,
,,,,,,,,
,,,,,,,,
,,,,,,,,
,,,,,,,,
,,,,,,,,
,,,,,,,,
,,,,,,,,
,,,,,,,,
,,,,,,,,
,,,,,,,,
,,,,,,,,
,,,,,,,,
Puebla,Daniela Hoyos,27,Femenino,24 HORAS HACIENDO FRIENSHIP BRACELETS PARA THE ERAS TOUR ‚ú®,6 de Agosto 2023,https://youtu.be/AtKfJThxBNs?si=mcFWHZn06inVN6Hm,6 de septiembre 2023,Heili
,,,,NAVIDAD EN EL TALLER üé®üéÑ,11 de Diciembre 2022,https://youtu.be/3dZwzTqJObo?si=vRV6UakfpbduszSL,6 de septiembre 2023,Heili
,,,,UN D√çA PINTANDO MARVEL! ‚ù§Ô∏è‚Äçüî•ü¶∏üèª‚Äç‚ôÇÔ∏è + PREMIER DE DR. STRANGE!!! Me firmaron mi chamarra pintada!!!!! ü§Ø,15 de Mayo 2022,https://youtu.be/Zsvf30maR80?si=67xO7w1Jq3fdG9HN,6 de septiembre 2023,Heili
,Mariana Palacios,22,Femenino,Las mugres perras FAJAS üôÑü´µüèº || Mariana Palacios, 4 de septiembre 2023 ,https://youtu.be/M_xgcvM7o6M?si=sL_v6nGgBqOkphyT,18 de octubre 2023,Heili
,,,,üéßLEER ES DIVERTIDO (podcast),6 de febrero 2023,https://youtu.be/zwCQO_mMHoM?si=C5iNQh6msGElcFiF,18 de octubre 2023,Heili
,,,,REACCIONANDO A COMENTARIOS HATE // Mariana Palacios,29 de mayo 2022,https://youtu.be/vj6nxqHaECk?si=HnWHtF7Fz3XnKL3X,18 de octubre 2023,Heili
,,,,,,,,
,,,,,,,,
,,,,,,,,
,,,,,,,,
,,,,,,,,
,,,,,,,,
,,,,,,,,
,,,,,,,,
,,,,,,,,
,,,,,,,,
,,,,,,,,
,,,,,,,,
Quer√©taro,Mariana Bonilla,26,Femenino,mis regalos de cumplea√±os #26,13 de agosto 2023,https://youtu.be/sm7tJuPiGhQ?si=0cBrHJHaXCZHz5yZ,29 de septiembre 2023,Heili
,,,,"baby shower, grwm love on tour, cenita navide√±a, regalitos para beb√©",11 de diciembre 2022,https://youtu.be/9U_L1fh4fNs?si=G7jmHFPiecTw8B9V,29 de septiembre 2023,Heili
,,,,todo lo que llevo en mi mochila de VIAJE,1 de abril de 2022,https://youtu.be/HBZBSnqIOdE?si=3UnHVXMer70eVshQ,29 de septiembre 2023,Heili
,,,,,,,,
,,,,,,,,
,,,,,,,,
,,,,,,,,
,,,,,,,,
,,,,,,,,
,,,,,,,,
,,,,,,,,
,,,,,,,,
,,,,,,,,
,,,,,,,,
,,,,,,,,
,,,,,,,,
,,,,,,,,
,,,,,,,,
Quintana Roo,,,,,,,,
,,,,,,,,
,,,,,,,,
,,,,,,,,
,,,,,,,,
,,,,,,,,
,,,,,,,,
,,,,,,,,
,,,,,,,,
,Pablo Avalos,26,Masculino,‚≠êüëÄ¬øQui√©n CREES que es la PERSONA m√°s FAMOSA del MUNDO?,2 de septiembre 2023,https://youtu.be/XGcEvvy0uHY?si=daCzpF0_HyqgTNYl,3 de octubre 2023,Heili
,,,,QU√â LE PEDISTE A SANTA CLAUS? | Pablinsky,24 de diciembre 2022,https://youtu.be/Wd_6yZZUKnc?si=K2mJA6Qo_729vQ2V,3 de octubre 2023,Heili
,,,,COMO ES VALQUIRICO? | PABLINSKY,22 de marzo 2022,https://youtu.be/myBeMp-b17g?si=XNU-8bqDqElEV_iU,3 de octubre 2023,Heili
,,,,,,,,
,,,,,,,,
,,,,,,,,
,,,,,,,,
,,,,,,,,
,,,,,,,,
San Luis Potos√≠,,,,,,,,
,,,,,,,,
,,,,,,,,
,,,,,,,,
,,,,,,,,
,,,,,,,,
,,,,,,,,
,,,,,,,,
,,,,,,,,
,,,,,,,,
,,,,,,,,
,,,,,,,,
,,,,,,,,
,,,,,,,,
,,,,,,,,
,,,,,,,,
,,,,,,,,
,,,,,,,,
Sinaloa,Roc√≠o Dariana Torres Armenta,23,Femenino,ESTE JUEGO ES MUY RELAJANTE... ü´†,2 de Septiembre 2023,https://www.youtube.com/watch?v=UuALqNyMIZ0,31 de Agosto 2023,Aar√≥n
,,,,VLOG #3 - ME FUI A BRASIL üíÉ Pt. 1,12 de marzo 2023,https://www.youtube.com/watch?v=_zXZ2M8V-vI,31 de Agosto 2023,Aar√≥n
,,,,EL TRABAJO DE MIS SUE√ëOS ü§ë,12 de Septiembre 2022,https://www.youtube.com/watch?v=MqTPVxfEkXA,31 de Agosto 2023,Aar√≥n
,Lizbeth Casta√±eda Rivas,23,Femenino,Cosas sobre los gatos que quiz√° no sab√≠as | Beth Cast,1 de Septiembre 2023,https://www.youtube.com/shorts/in2Qu5A6PwI,31 de Agosto 2023,Aar√≥n
,,,,COMPILACI√ìN DE TIKTOKS/REELS #18 | Beth Cast,5 de Noviembre 2022,https://www.youtube.com/watch?v=zMJiWtdkNH4,31 de Agosto 2023,Aar√≥n
,,,,DATOS SOBRE LA COMIDA QUE TE COMES,27 de Junio 2022,https://www.youtube.com/shorts/8JdaG0gtuCg,31 de Agosto 2023,Aar√≥n
,Daniela Rodr√≠guez Cervantes,26,Femenino,CHEFSI√ëA renuncia A TODO mientras AHOGA UNA TORTA PELUDA,29 de junio 2023,https://youtu.be/k5yN24EeOkI?si=mGdEMPaHkkmpvuFG,6 de septiembre 2023,Heili
,,,,Chavita sin que hacer se pone a CRITICAR VIDA AJENA,4 de noviembre 2022,https://youtu.be/VCBIxQyxH0s?si=NMTq0IL_Sl5vFBfF,6 de septiembre 2023,Heili
,,,,CHEF te ense√±a c√≥mo HACER BANDERILLAS para tapar la arteria y destapar la FELICIDAD,17 de septiembre 2021,https://youtu.be/dtn-JOV11LY?si=ymsNmDbZ_oSOsRqC,6 de septiembre 2023,Heili
,√Ångel Missael Casta√±eda Vega,30,Masculino,Olvid√© que hab√≠a COMPRADO ESTAS COSAS 7!,26 de Julio 2023,https://www.youtube.com/watch?v=RQqZuYUxg_I,9 de Octumbre 2023,Aar√≥n
,,,,¬°El REGRESO de los TUTORIALES ESTUPIDOS! [WIKIHOW pt.4],19 de Diciembre 2022,https://www.youtube.com/watch?v=4jKb11CcI1s,9 de Octumbre 2023,Aar√≥n
,,,,"DINOSAURIOS, ALIENS Y CACTUS BAILARINES | Basura de MARKETPLACE 7!",14 de Octubre 2021,https://www.youtube.com/watch?v=XKvP1mj68GM,9 de Octumbre 2023,Aar√≥n
,,,,,,,,
,,,,,,,,
,,,,,,,,
,,,,,,,,
,,,,,,,,
,,,,,,,,
Sonora,Rebeca Ortega Gonz√°lez,31,Femenino,4 Comidas Nuevas de la Comida R√°pida | RebeO,23 de septiembre 2023,https://youtu.be/oHWq7ygZ_NA?si=ecHpzBsE3E59rKJU,27 de septiembre 2023,Heili
,,,,Viaja conmigo al Evento Oreo | Navivlogs Dia 7 | RebeO,14 de diciembre 2022,https://youtu.be/Fbsl1NdizxI?si=hgUIvb2817EfGARB,27 de septiembre 2023,Heili
,,,,Hacks de Millones de Vistas en TikTok |  RebeO,9 de abril 2022,https://youtu.be/_xCZ-oZOx3s?si=xshtW5oagA2ZUTOY,27 de septiembre 2023,Heili
,,,,,,,,
,,,,,,,,
,,,,,,,,
,,,,,,,,
,,,,,,,,
,,,,,,,,
,Alfredo Efra√≠n Valenzuela,30,Masculino,POR ESTA RAZON GASTE $9 MILLONES EN MI NUEVA LAMBORGHINI URUS PERFORMANTE || ALFREDO VALENZUELA,5 de Noviembre 2023,https://www.youtube.com/watch?v=ljBwGWk7s3Q,6 de Noviembre 2023,Aar√≥n
,,,,COMPRANDO NUEVO COCHE PARA MI NOVIA DE SORPRESA || ALFREDO VALENZUELA,27 de Abril 2023,https://www.youtube.com/watch?v=zax8yX-i5I4,6 de Noviembre 2023,Aar√≥n
,,,,TUVE PROBLEMAS || ALFREDO VALENZUELA,24 de Junio 2022,https://www.youtube.com/watch?v=q-PemstFA54,6 de Noviembre 2023,Aar√≥n
,,,,,,,,
,,,,,,,,
,,,,,,,,
,,,,,,,,
,,,,,,,,
,,,,,,,,
Tabasco,,,,,,,,
,,,,,,,,
,,,,, ,,,
,,,,,,,,
,,,,,,,,
,,,,,,,,
,,,,,,,,
,,,,,,,,
,,,,,,,,
,,,,,,,,
,,,,,,,,
,,,,,,,,
,,,,,,,,
,,,,,,,,
,,,,,,,,
,,,,,,,,
,,,,,,,,
,,,,,,,,
Tamaulipas,Nury Jimenez,32,Femenino,LO QUE PEDI VS LO QUE RECIBI DE MOTF & Naturally chic,19 de septiembre 2023,https://youtu.be/GEBliPG-uxk?si=yQGtPjdD1VbzwYDT,16 de octubre 2023,Heili
,,,,LA REALIDAD DE SER MAM√Å - Un d√≠a completo en casa,25 de febrero 2023,https://youtu.be/DBC8ybwPUVA?si=YJYYqAEK1uW9tX0-,16 de octubre 2023,Heili
,,,,LA PESADILLA CONTINUA ACOMPA√ëAME,17 de mayo 2022,https://youtu.be/r4SI1h7fo8o?si=lwFBNK11uCIIFhFm,16 de octubre 2023,Heili
,,,,,,,,
,,,,,,,,
,,,,,,,,
,,,,,,,,
,,,,,,,,
,,,,,,,,
,Antonio M√©ndez,46,Masculino,Receta salsa borracha al cuadrado jajaja,7 de septiembre 2023,https://youtu.be/MC6K4RLwCF8?si=18kC3Q2mK5n8wnto,16 de octubre 2023,Heili
,,,,Trompo de vegetales al pastor,9 de febrero 2023,https://youtu.be/lMXvb89kdkY?si=DRQiLXRn5ANf_S8X,16 de octubre 2023,Heili
,,,,"Torta de la Barda, historia de la torta de la barda de Tampico.",8 de frebrero 2022,https://youtu.be/hlrBG9Z2xxc?si=gxPnHrzAjxOjfGZl,16 de octubre 2023,Heili
,Osvaldo Palacio Flores,25,Masulino,PARA MI OVULACI√ìN üò≥,21 de Agosto 2023,https://www.youtube.com/watch?v=0iRT02lypOQ,13 de Septiembre 2023,Aar√≥n
,,,,NO S√â QUE ACABO DE COMPRAR üò®,16 de febrero 2023,https://www.youtube.com/watch?v=3sjC6TTm4Ms&t=272s,13 de Septiembre 2023,Aar√≥n
,,,,ABRIENDO REGALOS DE SEGUIDORES üéÅ,28 de Agosto 2022,https://www.youtube.com/watch?v=BESZkgfHVAA,13 de Septiembre 2023,Aar√≥n
,Brian Johan Sobrevilla P√©rez,23,Masculino,Prepar√© COMIDA con CALOR DEL SOL,21 de Junio 2023,https://www.youtube.com/watch?v=iKoe4_Jyero,9 de Octubre 2023,Aar√≥n
,,,,COMO MEJORAR TU VIDA ADOLESCENTE | 5 Consejos siendo joven,22 de Diciembre 2022,https://www.youtube.com/watch?v=9b6k3GXgXWs,9 de Octubre 2023,Aar√≥n
,,,,ANALIZO MI CUERPO con un MICROSCOPIO,19 de Noviembre 2021,https://www.youtube.com/watch?v=5YcD-kgmJMw,9 de Octubre 2023,Aar√≥n
Tlaxcala,M√≥nica Vargas,28,Femenino,Tres libros contempor√°neos que le√≠ y dije ¬°√≥rale! ü§Ø,27 de agosto 2023,https://youtu.be/3grNWMvBocI?si=UbEEAGRFaZKamJXX,20 de septiembre 2023,Heili
,,,,C√≥mo Shakespeare lo cambi√≥ todo,5 de febrero 2023,https://youtu.be/qNyTYhVtDys?si=YfQ0ErUfzpYI9xKx,20 de septiembre 2023,Heili
,,,,Estudiar letras... y no morir en el intento | Mi experiencia,15 de abril 2022,https://youtu.be/Tq1zSPYAH90?si=IrKcnrOxRIOP5S_h,20 de septiembre 2023,Heili
,,,,,,,,
,,,,,,,,
,,,,,,,,
,,,,,,,,
,,,,,,,,
,,,,,,,,
,,,,,,,,
,,,,,,,,
,,,,,,,,
,,,,,,,,
,,,,,,,,
,,,,,,,,
,,,,,,,,
,,,,,,,,
,,,,,,,,
Veracruz,,,,,,,,
,,,,,,,,
,,,,,,,,
,,,,,,,,
,,,,,,,,
,,,,,,,,
,,,,,,,,
,,,,,,,,
,,,,,,,,
,Nello √Ångel Villamar Carrillo,26,Masculino,¬°HACEMOS UNA CARRERA DE TORTUGAS! - [ANTRAX] ‚ò£,11 agosto 2023,https://youtu.be/KIAJzq-reiw?si=Sc7JXLpnlgbqeM_i,11 septiembre 2023,Heili
,,,,¬°CONSTRUIMOS UNA PISTA DE CARRERAS EN EL PATIO! - [ANTRAX] ‚ò£,10 diciembre 2022,https://youtu.be/D__rkbpb51Y?si=9z0jmu37kxWWwv15,11 septiembre 2023,Heili
,,,,¬°Comprando en las tiendas M√ÅS CARAS de Dubai! *Con iamfer y Nicole Garcia* - [ANTRAX] ‚ò£,5 marzo 2022,https://youtu.be/6LJfsJx3adI?si=X6_cXt1BNC50Y8U3,11 septiembre 2023,Heili
,,,,,,,,
,,,,,,,,
,,,,,,,,
,,,,,,,,
,,,,,,,,
,,,,,,,,
Yucat√°n,Macarena Camargo,29,Femenino,Mi estilo est√° en crisis existencial... Haul Fashion Nova Curve üíÅüèª‚Äç‚ôÄÔ∏è‚ú®,6 Seprtiembre 2023,https://youtu.be/KUTQdxH0x74?si=L4cNsn8vUJLTALkZ,12 septiembre 2023,Heili
,,,,El regreso de la delgadez extrema (y el peligro de las modas),21  Febrero 2023,https://youtu.be/B0x3RLJStIQ?si=c7M-W4iJurauA5nW,12 septiembre 2023,Heili
,,,,Eres maÃÅs que tu peso,12 julio 2022,https://youtu.be/haHDwDMMycs?si=ooCneaNpVhkXjkJR,12 septiembre 2023,Heili
,,,,,,,,
,,,,,,,,
,,,,,,,,
,,,,,,,,
,,,,,,,,
,,,,,,,,
,Gabriel Wabi Rueda,35,Masculino,MET GALA 2023: Los Mejores y PEORES VESTIDOS!! | gwabir,2 mayo 2023,https://youtu.be/w6XceH3nj1k?si=e1yfuIlZ-r2_trWG,11 septiembre 2023,Heili
,,,,C√ìMO LIGAR EN FRANCES | gwabir,18 julio 2022,https://youtu.be/gmQcsA5h2qs?si=Fk9EFOpv8ztySihV,11 septiembre 2023,Heili
,,,,El RETO DE LA PAPA PICANTE!! (PAQUI: ONE CHIP CHALLENGE!!) | gwabir,24 diciembre 2021,https://youtu.be/5q5DcF_FZ8k?si=emQrK3d8Q44XcLd9,11 septiembre 2023,Heili
,,,,,,,,
,,,,,,,,
,,,,,,,,
,,,,,,,,
,,,,,,,,
,,,,,,,,
Zacatecas,,,,,,,,